behavioral_id,soil_exceeds_rd_depth_fraction,mean_H_soil_m,mean_H_weathered_m,mean_D_fresh_m,max_H_soil_m,max_H_weathered_m,max_D_fresh_m,mean_H_m_m,max_H_m_m,mean_H_w_m,max_H_w_m,mean_D_f_m,max_D_f_m,mean_h_weathered,max_h_weathered,mean_d_fresh,max_d_fresh,mean_z_s_relief,max_z_s_relief,mean_Zs_m,max_Zs_m,mean_z_b_relief,max_z_b_relief,mean_Zb_m,max_Zb_m,mean_D_fresh_raw_m,max_D_fresh_raw_m,mean_D_fresh_geometric_m,max_D_fresh_geometric_m,min_Vp_m_per_s_soil,mean_Vp_m_per_s_soil,max_Vp_m_per_s_soil,min_phi_soil,mean_phi_soil,max_phi_soil,min_Vp_m_per_s_weathered,mean_Vp_m_per_s_weathered,max_Vp_m_per_s_weathered,min_phi_weathered,mean_phi_weathered,max_phi_weathered,min_Vp_m_per_s_fresh,mean_Vp_m_per_s_fresh,max_Vp_m_per_s_fresh,min_phi_fresh,mean_phi_fresh,max_phi_fresh
0,0.0982823195144001,1.7671029686035546,8.628780262598967,10.395883231202523,3.3409485593360757,51.92893933440016,53.793497477258676,1.7671029686035546,3.3409485593360757,8.628780262598967,51.92893933440016,10.395883231202523,53.793497477258676,8.628780262598967,51.92893933440016,10.395883231202523,53.793497477258676,17.903994371644835,92.78030954707648,17.903994371644835,92.78030954707648,7.523359937834864,38.98681206981781,7.523359937834864,38.98681206981781,10.380634433809968,53.793497477258676,10.380634433809968,53.793497477258676,346.3561606388762,411.50975554966936,620.1825033937187,0.2503702288869264,0.46214897193542404,0.5564487880712556,679.897330763148,1714.8217641013619,3156.1043522422788,0.09919768308359048,0.17669161115249848,0.2503612104275519,3156.250987753207,3156.250987753212,3156.250987753207,0.09919146665163017,0.09919146665163035,0.09919146665163017
1,0.09892806405785871,1.7216953221722604,8.543962639519723,10.265657961691984,3.8186191061909787,51.31443496358868,53.10661454344098,1.7216953221722604,3.8186191061909787,8.543962639519723,51.31443496358868,10.265657961691984,53.10661454344098,8.543962639519723,51.31443496358868,10.265657961691984,53.10661454344098,17.903994371644835,92.78030954707648,17.903994371644835,92.78030954707648,7.655909055649686,39.6736950036355,7.655909055649686,39.6736950036355,10.248085315995148,53.10661454344098,10.248085315995148,53.10661454344098,345.0526829180917,409.85553538853225,603.1369214889291,0.2673842730936643,0.46799708031619924,0.5613274439791254,638.8868496490915,1682.4192313685965,3173.2399553633995,0.09808253418118576,0.1842512521903918,0.2673698938605667,3173.264820234014,3173.264820234017,3173.264820234014,0.09808144579495326,0.09808144579495343,0.09808144579495326
2,0.1078393387575875,1.746914867965635,7.6681769508568225,9.415091818822457,3.6558655334177286,46.848528735928284,48.67583163191495,1.746914867965635,3.6558655334177286,7.6681769508568225,46.848528735928284,9.415091818822457,48.67583163191495,7.6681769508568225,46.848528735928284,9.415091818822457,48.67583163191495,17.903994371644835,92.78030954707648,17.903994371644835,92.78030954707648,8.51092573642171,44.10447791516153,8.51092573642171,44.10447791516153,9.393068635223125,48.67583163191495,9.393068635223125,48.67583163191495,368.5218504926016,424.83536962395965,581.9128820233606,0.29133362246041894,0.41875507111998866,0.4776306150263996,593.0061480265133,1619.0756973571722,3168.40905321041,0.09839657307647878,0.1970744847505454,0.29132746826267847,3168.429661141158,3168.4296611411614,3168.429661141158,0.09839563138709922,0.09839563138709911,0.09839563138709922
3,0.09492444788841534,1.753343318974115,8.767718937439007,10.521062256413124,3.132332515601511,52.596376714845576,54.45229319905884,1.753343318974115,3.132332515601511,8.767718937439007,52.596376714845576,10.521062256413124,54.45229319905884,8.767718937439007,52.596376714845576,10.521062256413124,54.45229319905884,17.903994371644835,92.78030954707648,17.903994371644835,92.78030954707648,7.396230863220289,38.32801634801764,7.396230863220289,38.32801634801764,10.507763508424546,54.45229319905884,10.507763508424546,54.45229319905884,346.99085531936305,407.26309255316306,612.0372975026747,0.25827678623316447,0.4665716718916221,0.5541104768390097,659.85606970606,1698.5428846807606,3182.438953919047,0.09748345501046127,0.18011645329125578,0.2582640104756707,3182.652101896283,3182.6521018962903,3182.652101896283,0.09747431717914236,0.09747431717914234,0.09747431717914236
4,0.09892806405785871,1.7267958905473841,8.416536328115653,10.143332218663037,3.5331479148997764,50.66795173050762,52.477538517231366,1.7267958905473841,3.5331479148997764,8.416536328115653,50.66795173050762,10.143332218663037,52.477538517231366,8.416536328115653,50.66795173050762,10.143332218663037,52.477538517231366,17.903994371644835,92.78030954707648,17.903994371644835,92.78030954707648,7.777303063576324,40.30277102984512,7.777303063576324,40.30277102984512,10.12669130806851,52.477538517231366,10.12669130806851,52.477538517231366,360.4551045446858,423.1383664055472,615.9893880803178,0.2543941593281275,0.42686809093101497,0.5038888423736971,669.5096181748384,1713.2559774339459,3178.731462326661,0.09772733600479877,0.17783143250927788,0.25438311772732336,3178.735779703553,3178.735779703554,3178.735779703553,0.0977271522676989,0.09772715226769899,0.0977271522676989
5,0.10176934004907659,1.7364222599232926,8.103200539058085,9.83962279898138,3.5626520096776466,49.07443045862831,50.89386353642836,1.7364222599232926,3.5626520096776466,8.103200539058085,49.07443045862831,9.83962279898138,50.89386353642836,8.103200539058085,49.07443045862831,9.83962279898138,50.89386353642836,17.903994371644835,92.78030954707648,17.903994371644835,92.78030954707648,8.082907863573514,41.88644601064812,8.082907863573514,41.88644601064812,9.821086508071321,50.89386353642836,9.821086508071321,50.89386353642836,347.6051828053349,412.61064535482745,616.5473471944255,0.25384370497139774,0.45920494493612035,0.5518697721895113,670.8843166509822,1710.5511405575942,3161.3476902738553,0.09885688393359093,0.178047242837593,0.25382294961961105,3161.3806068045787,3161.3806068045724,3161.3806068045787,0.09885547900102777,0.09885547900102769,0.09885547900102777
6,0.10551465840113651,1.7700262969341058,7.659805634336346,9.429831931270451,2.9186212480012546,46.89097178945088,48.77254776449297,1.7700262969341058,2.9186212480012546,7.659805634336346,46.89097178945088,9.429831931270451,48.77254776449297,7.659805634336346,46.89097178945088,9.429831931270451,48.77254776449297,17.903994371644835,92.78030954707648,17.903994371644835,92.78030954707648,8.492262238727237,44.007761782583515,8.492262238727237,44.007761782583515,9.411732132917598,48.77254776449297,9.411732132917598,48.77254776449297,344.3381189237511,400.87295254665537,594.5460019117393,0.2766855299103493,0.4805393676487574,0.5640468807277158,619.6416142499046,1636.7994346703506,3158.691353722144,0.099030588376495,0.19101667914000542,0.276674102373429,3158.7343013933723,3158.73430139338,3158.7343013933723,0.09902866765439607,0.09902866765439619,0.09902866765439607
7,0.1000904042360842,1.7137268498409122,8.346506728237086,10.060233578077998,3.9426357145822952,50.25616083501109,52.03525826607779,1.7137268498409122,3.9426357145822952,8.346506728237086,50.25616083501109,10.060233578077998,52.03525826607779,8.346506728237086,50.25616083501109,10.060233578077998,52.03525826607779,17.903994371644835,92.78030954707648,17.903994371644835,92.78030954707648,7.862650732343534,40.745051280998695,7.862650732343534,40.745051280998695,10.041343639301301,52.03525826607779,10.041343639301301,52.03525826607779,351.7083426354567,414.91062052308973,597.4242359629375,0.2735066894339792,0.4519626399664272,0.5357209788007109,625.9837252287957,1676.1321031986415,3201.5263499089765,0.09626450967936412,0.18641312948258765,0.27349050984615386,3201.5436653718175,3201.543665371818,3201.5436653718175,0.09626374921540767,0.0962637492154077,0.09626374921540767
8,0.11068061474880538,1.7816278567023238,7.224769489120386,9.006397345822709,3.129323093864072,44.66728576766248,46.556059104998255,1.7816278567023238,3.129323093864072,7.224769489120386,44.66728576766248,9.006397345822709,46.556059104998255,7.224769489120386,44.66728576766248,9.006397345822709,46.556059104998255,17.903994371644835,92.78030954707648,17.903994371644835,92.78030954707648,8.919982308622808,46.22425044207823,8.919982308622808,46.22425044207823,8.984012063022028,46.556059104998255,8.984012063022028,46.556059104998255,351.7834938202517,408.84079532187417,584.4632256971078,0.28827353225909624,0.4603115006241221,0.5354300913099174,598.1893638330527,1612.4748509393894,3155.164872118004,0.09925974430776288,0.19685479290372448,0.2882669125724965,3155.3154138850696,3155.3154138850696,3155.3154138850696,0.09925287005289961,0.09925287005289953,0.09925287005289961
9,0.0994446596926256,1.7892043772040138,8.177865992017594,9.96707036922161,2.511341575143478,49.66333589995661,51.576507010603926,1.7892043772040138,2.511341575143478,8.177865992017594,49.66333589995661,9.96707036922161,51.576507010603926,8.177865992017594,49.66333589995661,9.96707036922161,51.576507010603926,17.903994371644835,92.78030954707648,17.903994371644835,92.78030954707648,7.951176842421036,41.20380253647256,7.951176842421036,41.20380253647256,9.952817529223799,51.576507010603926,9.952817529223799,51.576507010603926,355.1436662573757,407.90413617468084,603.3583024518738,0.26715670008890335,0.45233477978978814,0.5227485079956771,639.3647537458598,1653.5272363706908,3152.8110265710147,0.09941400791636718,0.18666392800123713,0.26715143375244127,3152.9680883852498,3152.968088385246,3152.9680883852498,0.09940709790056632,0.09940709790056636,0.09940709790056632
10,0.13134444013948082,1.831958427503621,6.200252184345107,8.032210611848727,3.2413712152819603,39.50039099471496,41.443868194547086,1.831958427503621,3.2413712152819603,6.200252184345107,39.50039099471496,8.032210611848727,41.443868194547086,6.200252184345107,39.50039099471496,8.032210611848727,41.443868194547086,17.903994371644835,92.78030954707648,17.903994371644835,92.78030954707648,9.90649159851745,51.3364413525294,9.90649159851745,51.3364413525294,7.997502773127386,41.443868194547086,7.997502773127386,41.443868194547086,350.01718171629466,408.49823540278845,556.2620518236874,0.3253684055327061,0.46983195681406154,0.542355772514471,545.7207352402937,1540.3846919413952,3144.3107990448143,0.09997698973644759,0.21586958127146189,0.325366343460022,3144.367868428599,3144.3678684286015,3144.367868428599,0.09997423428208566,0.09997423428208553,0.09997423428208566
11,0.11403848637479014,1.7234961029928715,6.998900519475136,8.722396622468006,3.5999120755455976,43.26407185130551,45.06668873624503,1.7234961029928715,3.5999120755455976,6.998900519475136,43.26407185130551,8.722396622468006,45.06668873624503,6.998900519475136,43.26407185130551,8.722396622468006,45.06668873624503,17.903994371644835,92.78030954707648,17.903994371644835,92.78030954707648,9.207388966669386,47.71362081083146,9.207388966669386,47.71362081083146,8.69660540497545,45.06668873624503,8.69660540497545,45.06668873624503,345.70622940249405,403.4168198138241,574.0717705085743,0.3010825135224478,0.478605911586631,0.5588683115217716,577.6125367431562,1590.042904462578,3146.5322259690506,0.09983049542215094,0.2029633277107719,0.3010738358463599,3146.5686540554043,3146.5686540554107,3146.5686540554043,0.099828793934398,0.09982879393439785,0.099828793934398
12,0.11726720909208317,1.8461623583401563,6.95332214577351,8.799484504113666,2.9687191007454823,43.49821652935397,45.46628491153722,1.8461623583401563,2.9687191007454823,6.95332214577351,43.49821652935397,8.799484504113666,45.46628491153722,6.95332214577351,43.49821652935397,8.799484504113666,45.46628491153722,17.903994371644835,92.78030954707648,17.903994371644835,92.78030954707648,9.130278125928633,47.31402463553926,9.130278125928633,47.31402463553926,8.7737162457162,45.46628491153722,8.7737162457162,45.46628491153722,337.0809171697789,409.94665276202454,596.371593120417,0.27465805355907813,0.4839367833035273,0.5936921258906307,623.6241998707767,1656.2336112651903,3164.167504287626,0.0986731612706882,0.1887782708935466,0.2746415944848708,3164.1798549864143,3164.1798549864147,3164.1798549864143,0.09867261182608683,0.09867261182608705,0.09867261182608683
13,0.09337466098411469,1.7417995624080103,8.944095630245442,10.685895192653453,3.217067915678341,53.46911706436733,55.30882082103809,1.7417995624080103,3.217067915678341,8.944095630245442,53.46911706436733,10.685895192653453,55.30882082103809,8.944095630245442,53.46911706436733,10.685895192653453,55.30882082103809,17.903994371644835,92.78030954707648,17.903994371644835,92.78030954707648,7.230945084395703,37.471488726038395,7.230945084395703,37.471488726038395,10.673049287249132,55.30882082103809,10.673049287249132,55.30882082103809,341.6141489164745,404.01721088913985,618.3786886473002,0.25208678090232817,0.4787022747203489,0.574722552504016,675.3744866905258,1728.2716865389673,3215.9770120611092,0.0953468057424586,0.1757195627462678,0.2520771886993622,3216.0725685147336,3216.0725685147336,3216.0725685147336,0.09534279602730988,0.09534279602731013,0.09534279602730988
14,0.09841146842309183,1.7426841266775928,8.450896800518262,10.193580927195855,3.2658487615081784,50.90678292577743,52.745744064445276,1.7426841266775928,3.2658487615081784,8.450896800518262,50.90678292577743,10.193580927195855,52.745744064445276,8.450896800518262,50.90678292577743,10.193580927195855,52.745744064445276,17.903994371644835,92.78030954707648,17.903994371644835,92.78030954707648,7.725546924464443,40.03456548263121,7.725546924464443,40.03456548263121,10.17844744718039,52.745744064445276,10.17844744718039,52.745744064445276,370.73444462320083,425.62063014866555,594.4543560081183,0.27678603255049905,0.412641566854384,0.4708694046572426,619.3667593930901,1642.895857327462,3149.130711579393,0.09965836802519337,0.19058859389422275,0.276783479663079,3149.1962362709405,3149.1962362709437,3149.1962362709405,0.09965542891423755,0.09965542891423768,0.09965542891423755
15,0.10861423220973783,1.7622981979232224,7.400542704599009,9.16284090252223,3.226214541384157,45.509899955303354,47.373042156501306,1.7622981979232224,3.226214541384157,7.400542704599009,45.509899955303354,9.16284090252223,47.373042156501306,7.400542704599009,45.509899955303354,9.16284090252223,47.373042156501306,17.903994371644835,92.78030954707648,17.903994371644835,92.78030954707648,8.762327521446027,45.40726739057518,8.762327521446027,45.40726739057518,9.141666850198806,47.373042156501306,9.141666850198806,47.373042156501306,350.5776293473163,409.6174620697901,595.9177045265076,0.27516599814805665,0.45983028387936986,0.5401379132803009,622.588116194545,1648.2862882853296,3167.3356277575094,0.09846437277232825,0.189517595323042,0.27516241512114586,3167.456146332758,3167.456146332762,3167.456146332758,0.09845901127147498,0.09845901127147501,0.09845901127147498
16,0.11261784837918119,1.8016852723398504,7.051450546127624,8.853135818467473,2.819271268180716,43.83981453084372,45.76049036418337,1.8016852723398504,2.819271268180716,7.051450546127624,43.83981453084372,8.853135818467473,45.76049036418337,7.051450546127624,43.83981453084372,8.853135818467473,45.76049036418337,17.903994371644835,92.78030954707648,17.903994371644835,92.78030954707648,9.073504735173659,47.019819182893116,9.073504735173659,47.019819182893116,8.83048963647118,45.76049036418337,8.83048963647118,45.76049036418337,347.6790021283983,404.3809528722348,586.6473672590726,0.28570039218997006,0.47237711072196253,0.5516019957290678,602.6887234861458,1615.387682637743,3167.655573000593,0.09844549740286138,0.19571662937829454,0.2856993640703658,3167.6821656356474,3167.6821656356387,3167.6821656356474,0.09844429283137056,0.09844429283137048,0.09844429283137056
17,0.09608678806664084,1.7222026462901923,8.904791400525111,10.626994046815303,3.589414786385276,53.19178694079134,54.993411101425956,1.7222026462901923,3.589414786385276,8.904791400525111,53.19178694079134,10.626994046815303,54.993411101425956,8.904791400525111,53.19178694079134,10.626994046815303,54.993411101425956,17.903994371644835,92.78030954707648,17.903994371644835,92.78030954707648,7.291810303236478,37.78689844565053,7.291810303236478,37.78689844565053,10.612184068408357,54.993411101425956,10.612184068408357,54.993411101425956,353.265549878675,414.2163845715935,598.7221726668682,0.2720901821673415,0.44975810579669045,0.529759701078797,628.8810495712605,1673.5864918561963,3189.009027640429,0.09706500230134135,0.18629590055314554,0.27207014485830006,3189.023649243378,3189.023649243382,3189.023649243378,0.09706435946655007,0.0970643594665502,0.09706435946655007
18,0.1078393387575875,1.7340292119431668,7.55100813657805,9.285037348521216,3.539579045920309,46.18649227320401,48.00423181349605,1.7340292119431668,3.539579045920309,7.55100813657805,46.18649227320401,9.285037348521216,48.00423181349605,7.55100813657805,46.18649227320401,9.285037348521216,48.00423181349605,17.903994371644835,92.78030954707648,17.903994371644835,92.78030954707648,8.64052564213089,44.776077733580436,8.64052564213089,44.776077733580436,9.263468729513944,48.00423181349605,9.263468729513944,48.00423181349605,343.2796610475964,404.8766784571847,594.6220732346183,0.276593278563528,0.47776689076942025,0.5681357400532934,619.7718646651122,1656.5164813801523,3184.5106606978516,0.09735316016670126,0.18913684388587282,0.2765797008429923,3184.5804369068173,3184.580436906818,3184.5804369068173,0.09735006375477931,0.09735006375477956,0.09735006375477931
19,0.11455508200955702,1.7960266021512032,6.868090729048488,8.66411733119969,2.9193983355012754,42.86052287832179,44.772079235970985,1.7960266021512032,2.9193983355012754,6.868090729048488,42.86052287832179,8.66411733119969,44.772079235970985,6.868090729048488,42.86052287832179,8.66411733119969,44.772079235970985,17.903994371644835,92.78030954707648,17.903994371644835,92.78030954707648,9.264240327270453,48.0082303111055,9.264240327270453,48.0082303111055,8.639754044374383,44.772079235970985,8.639754044374383,44.772079235970985,343.16268600228034,397.70474968312004,567.3006152010224,0.3099451455711761,0.4909322787167561,0.5685921640063264,564.948500154446,1564.9094793754348,3171.9229591758567,0.09816846533820339,0.20816963393386925,0.3099427444814926,3171.9270139296596,3171.9270139296596,3171.9270139296596,0.09816827525632851,0.09816827525632853,0.09816827525632851
20,0.13831848120883378,1.8084378059768746,5.727563262819042,7.536001068795917,3.1794590771771416,36.93120312524785,38.84941969387719,1.8084378059768746,3.1794590771771416,5.727563262819042,36.93120312524785,7.536001068795917,38.84941969387719,5.727563262819042,36.93120312524785,7.536001068795917,38.84941969387719,17.903994371644835,92.78030954707648,17.903994371644835,92.78030954707648,10.407147304240732,53.9308898531993,10.407147304240732,53.9308898531993,7.496847067404103,38.84941969387719,7.496847067404103,38.84941969387719,351.7769425719141,400.8993932412788,533.6476783236661,0.36144826145745906,0.480447066879676,0.535455436107691,511.5044354341112,1471.6914918607486,3151.475299098734,0.0995047181175363,0.23553617744100466,0.36143512992696014,3151.512477394029,3151.512477394024,3151.512477394029,0.09950285823068097,0.099502858230681,0.09950285823068097
21,0.10499806276636962,1.7495370472662652,7.761848212975548,9.511385260241813,3.2835556316876398,47.34457686142956,49.190854193314884,1.7495370472662652,3.2835556316876398,7.761848212975548,47.34457686142956,9.511385260241813,49.190854193314884,7.761848212975548,47.34457686142956,9.511385260241813,49.190854193314884,17.903994371644835,92.78030954707648,17.903994371644835,92.78030954707648,8.411540844459306,43.5894553537616,8.411540844459306,43.5894553537616,9.492453527185528,49.190854193314884,9.492453527185528,49.190854193314884,346.0869082872522,402.46233890602167,579.137504377192,0.2947258326943511,0.4781289785827705,0.5574480341278899,587.437957912992,1601.0438170065536,3154.043128030845,0.09933503621785861,0.19987507205820856,0.2947229613682944,3154.114595008048,3154.1145950080463,3154.114595008048,0.09933173807799256,0.09933173807799273,0.09933173807799256
22,0.1257910370657368,1.7649862615597873,6.318846972127822,8.08383323368761,3.2530367188411344,39.86823458389878,41.733540968893784,1.7649862615597873,3.2530367188411344,6.318846972127822,39.86823458389878,8.08383323368761,41.733540968893784,6.318846972127822,39.86823458389878,8.08383323368761,41.733540968893784,17.903994371644835,92.78030954707648,17.903994371644835,92.78030954707648,9.850592887391782,51.0467685781827,9.850592887391782,51.0467685781827,8.053401484253053,41.733540968893784,8.053401484253053,41.733540968893784,340.72278228223115,392.1230388597246,544.2517378767113,0.34370582494729296,0.506924694946426,0.5783281141829955,526.6979317391414,1502.686611797237,3151.394409223977,0.09950926464010845,0.22589551970830582,0.3437023354411365,3151.476319560401,3151.476319560396,3151.476319560401,0.0995052381319127,0.09950523813191285,0.0995052381319127
23,0.12604933488312023,1.7812476053130462,6.2619875907014135,8.043235196014459,3.009094216492338,39.633575793788104,41.52556100170312,1.7812476053130462,3.009094216492338,6.2619875907014135,39.633575793788104,8.043235196014459,41.52556100170312,6.2619875907014135,39.633575793788104,8.043235196014459,41.52556100170312,17.903994371644835,92.78030954707648,17.903994371644835,92.78030954707648,9.890727180758276,51.25474854537337,9.890727180758276,51.25474854537337,8.013267190886557,41.52556100170312,8.013267190886557,41.52556100170312,352.53732664289237,402.33320781036923,553.9253381500388,0.3288031053529587,0.4717345837033204,0.5325302995319043,541.8825094293957,1528.4373972318251,3170.892699613807,0.09823495038695723,0.21813920212915586,0.32879853748115967,3170.9226775148377,3170.922677514841,3170.9226775148377,0.09823351146842989,0.09823351146843007,0.09823351146842989
24,0.09931551078393387,1.7939187144471664,8.595529628458266,10.38944834290543,3.3548149947148107,51.86067367133221,53.755951691153975,1.7939187144471664,3.3548149947148107,8.595529628458266,51.86067367133221,10.38944834290543,53.755951691153975,8.595529628458266,51.86067367133221,10.38944834290543,53.755951691153975,17.903994371644835,92.78030954707648,17.903994371644835,92.78030954707648,7.5306052202269935,39.02435785592251,7.5306052202269935,39.02435785592251,10.373389151417843,53.755951691153975,10.373389151417843,53.755951691153975,341.1371821592706,405.9862710469124,599.9959819450974,0.27072098068309197,0.47982291314828074,0.5766447114662289,631.7356552546548,1686.3356035915328,3237.867456800833,0.09397683000961113,0.18450224042932464,0.27070350488479944,3237.892689105786,3237.8926891057845,3237.892689105786,0.09397573878570922,0.09397573878570921,0.09397573878570922
25,0.12114167635283482,1.7627322275448918,6.59437970291402,8.357111930458911,3.4253428978191205,41.30111815850536,43.15726759307827,1.7627322275448918,3.4253428978191205,6.59437970291402,41.30111815850536,8.357111930458911,43.15726759307827,6.59437970291402,41.30111815850536,8.357111930458911,43.15726759307827,17.903994371644835,92.78030954707648,17.903994371644835,92.78030954707648,9.575853628699978,49.62304195399822,9.575853628699978,49.62304195399822,8.328140742944857,43.15726759307827,8.328140742944857,43.15726759307827,358.0570455943178,407.08090150891985,544.1810471284473,0.3438101332155259,0.45992764646537027,0.5122347201101762,526.6359448237192,1513.5519811702459,3180.646624328287,0.09760368592648613,0.22451319880467574,0.34379469073592633,3180.648019667246,3180.6480196672487,3180.648019667246,0.09760361811089693,0.097603618110897,0.09760361811089693
26,0.10680614748805373,1.7356282462720218,7.759666437478978,9.495294683751,3.7109046522274,47.28220321801561,49.093729856684284,1.7356282462720218,3.7109046522274,7.759666437478978,47.28220321801561,9.495294683751,49.093729856684284,7.759666437478978,47.28220321801561,9.495294683751,49.093729856684284,17.903994371644835,92.78030954707648,17.903994371644835,92.78030954707648,8.430283114073116,43.6865796903922,8.430283114073116,43.6865796903922,9.47371125757172,49.093729856684284,9.47371125757172,49.093729856684284,359.91725440910824,423.90638084538995,611.3807963128922,0.2589382041910594,0.4275849234176189,0.505737551297375,658.2338962022222,1699.7605237388038,3171.6109061003217,0.09818791961248416,0.18030834399156165,0.25893648494221116,3171.651264346675,3171.6512643466713,3171.651264346675,0.09818618213679517,0.09818618213679517,0.09818618213679517
27,0.11068061474880538,1.8168555240343607,7.28374750599254,9.100603030026901,2.8871579561625906,45.11080716065896,47.04725531642099,1.8168555240343607,2.8871579561625906,7.28374750599254,45.11080716065896,9.100603030026901,47.04725531642099,7.28374750599254,45.11080716065896,9.100603030026901,47.04725531642099,17.903994371644835,92.78030954707648,17.903994371644835,92.78030954707648,8.825195233136455,45.7330542306555,8.825195233136455,45.7330542306555,9.07879913850838,47.04725531642099,9.07879913850838,47.04725531642099,354.558147275588,409.97120659117866,570.2202725918851,0.30606529998098475,0.4570410485198429,0.5249139786091899,570.3488032002872,1573.5006296284405,3155.990150397092,0.09920559577304969,0.20618692924862553,0.30605466344814647,3156.149580772932,3156.1495807729293,3156.149580772932,0.09919812032598907,0.09919812032598879,0.09919812032598907
28,0.11184295492703086,1.8003480890724923,7.087628750606476,8.887976839678968,2.653693127749048,44.02362174393008,45.94661748192739,1.8003480890724923,2.653693127749048,7.087628750606476,44.02362174393008,8.887976839678968,45.94661748192739,7.087628750606476,44.02362174393008,8.887976839678968,45.94661748192739,17.903994371644835,92.78030954707648,17.903994371644835,92.78030954707648,9.037587428098833,46.833692065149094,9.037587428098833,46.833692065149094,8.866406943546,45.94661748192739,8.866406943546,45.94661748192739,357.79751413802563,409.5104028725322,581.5817064620722,0.29172255798677804,0.4496000435064565,0.5131542313278299,592.3727688141655,1606.124484903143,3196.554663024655,0.09658087326024903,0.19830369960766142,0.2917039524424265,3196.6150708086916,3196.6150708086843,3196.6150708086916,0.09657813627884969,0.09657813627884979,0.09657813627884969
29,0.1409014593826682,1.7597688084540792,5.524933640404458,7.284702448858537,3.41101531917198,35.68040772739816,37.533667046449224,1.7597688084540792,3.41101531917198,5.524933640404458,35.68040772739816,7.284702448858537,37.533667046449224,5.524933640404458,35.68040772739816,7.284702448858537,37.533667046449224,17.903994371644835,92.78030954707648,17.903994371644835,92.78030954707648,10.661050617443998,55.24664250062726,10.661050617443998,55.24664250062726,7.242943754200839,37.533667046449224,7.242943754200839,37.533667046449224,349.92948647774233,396.42532200737594,526.4542299545938,0.3744567342320241,0.49069957805314773,0.5427045571603717,501.98666987208395,1453.6877755270368,3153.6304366587556,0.09936157924471783,0.24202687044480078,0.3744445878033902,3153.76073329003,3153.760733290033,3153.76073329003,0.09935499124336,0.09935499124335997,0.09935499124336
30,0.10280253131861036,1.7530964360367967,7.883913806669839,9.637010242706634,2.936011196491592,47.993001665382664,49.85458184028977,1.7530964360367967,2.936011196491592,7.883913806669839,47.993001665382664,9.637010242706634,49.85458184028977,7.883913806669839,47.993001665382664,9.637010242706634,49.85458184028977,17.903994371644835,92.78030954707648,17.903994371644835,92.78030954707648,8.283460046779775,42.92572770678672,8.283460046779775,42.92572770678672,9.620534324865062,49.85458184028977,9.620534324865062,49.85458184028977,362.59399780150744,412.51682297747885,574.4354044489683,0.3006171910623804,0.440044150670564,0.49666423104258306,578.3475263720704,1595.028525500318,3191.137318722324,0.09692855136479694,0.2021402043810864,0.3006023612740404,3191.14766008106,3191.1476600810597,3191.14766008106,0.0969280758573352,0.09692807585733496,0.0969280758573352
31,0.12566188815704507,1.762425273978312,6.291894827615042,8.054320101593353,3.1949984156647946,39.71770274826806,41.582046791328246,1.762425273978312,3.1949984156647946,6.291894827615042,39.71770274826806,8.054320101593353,41.582046791328246,6.291894827615042,39.71770274826806,8.054320101593353,41.582046791328246,17.903994371644835,92.78030954707648,17.903994371644835,92.78030954707648,9.87982700954239,51.19826275574824,9.87982700954239,51.19826275574824,8.024167362102444,41.582046791328246,8.024167362102444,41.582046791328246,345.80818747002786,396.03029366925784,546.94421824323,0.3394375800246607,0.4924998133636714,0.5584870479782404,530.79656266447,1517.5123472624166,3185.7732015775446,0.09727310483336538,0.2227263666159706,0.33943214882880474,3185.784472447077,3185.7844724470688,3185.784472447077,0.09727256060728323,0.09727256060728337,0.09727256060728323
32,0.09905721296655043,1.7727011073674819,8.363492664814538,10.136193772182022,2.91863675755612,50.56712706938074,52.45179952068891,1.7727011073674819,2.91863675755612,8.363492664814538,50.56712706938074,10.136193772182022,52.45179952068891,8.363492664814538,50.56712706938074,10.136193772182022,52.45179952068891,17.903994371644835,92.78030954707648,17.903994371644835,92.78030954707648,7.782269967130294,40.328510026387576,7.782269967130294,40.328510026387576,10.121724404514541,52.45179952068891,10.121724404514541,52.45179952068891,346.3882148545405,402.33725588217186,591.9078477678877,0.27963651637133013,0.4757644289896863,0.5563301196546124,613.8762844160838,1636.341983807106,3172.793777591984,0.09811030833990952,0.19187182780015974,0.27962338398414227,3172.8783101524346,3172.8783101524405,3172.8783101524346,0.0981065241125087,0.09810652411250878,0.0981065241125087
33,0.1605320935038099,1.8164248780608279,4.831896448330074,6.648321326390902,3.700751579161457,32.23079962754809,34.13749467893921,1.8164248780608279,3.700751579161457,4.831896448330074,32.23079962754809,6.648321326390902,34.13749467893921,4.831896448330074,32.23079962754809,6.648321326390902,34.13749467893921,17.903994371644835,92.78030954707648,17.903994371644835,92.78030954707648,11.316416516198435,58.64281486813727,11.316416516198435,58.64281486813727,6.5875778554463995,34.13749467893921,6.5875778554463995,34.13749467893921,350.21358509421196,397.92885735612634,513.5564844770066,0.40007681774466913,0.494246015271627,0.5415763534643416,486.4471337870311,1424.3211332223862,3147.1145729833725,0.09978575478590218,0.2547429848365505,0.4000704310638927,3147.6048634858325,3147.60486348584,3147.6048634858325,0.09976038955805384,0.09976038955805377,0.09976038955805384
34,0.10861423220973783,1.7372191432909017,7.306201976945672,9.043421120236575,3.267807654165603,44.92061286010092,46.753199834894005,1.7372191432909017,3.267807654165603,7.306201976945672,44.92061286010092,9.043421120236575,46.753199834894005,7.306201976945672,44.92061286010092,9.043421120236575,46.753199834894005,17.903994371644835,92.78030954707648,17.903994371644835,92.78030954707648,8.881939683676782,46.02710971218248,8.881939683676782,46.02710971218248,9.022054687968051,46.753199834894005,9.022054687968051,46.753199834894005,349.8758377193245,408.5462718971927,599.3125083439681,0.27146016584183413,0.46166047752005196,0.5429181660700572,630.185893603647,1658.775469968393,3168.612486332588,0.09837776050286468,0.18747559469540973,0.27144831306741346,3168.8982249617757,3168.8982249617707,3168.8982249617757,0.09836514046806943,0.09836514046806925,0.09836514046806943
35,0.10499806276636962,1.746790230892834,7.771520723672834,9.518310954565669,3.362615163476803,47.38480861386539,49.22487550022162,1.746790230892834,3.362615163476803,7.771520723672834,47.38480861386539,9.518310954565669,49.22487550022162,7.771520723672834,47.38480861386539,9.518310954565669,49.22487550022162,17.903994371644835,92.78030954707648,17.903994371644835,92.78030954707648,8.404975687581217,43.55543404685486,8.404975687581217,43.55543404685486,9.499018684063618,49.22487550022162,9.499018684063618,49.22487550022162,347.3650941743982,411.2279476593234,619.0427411046642,0.25145479043792973,0.4608470294690468,0.5527428599548734,677.0574927408192,1713.5436942479603,3169.4329958365884,0.09832960357499795,0.17698966791011564,0.2514455220578006,3169.4660479307977,3169.466047930801,3169.4660479307977,0.09832820310151336,0.09832820310151308,0.09832820310151336
36,0.0946661500710319,1.7644255922927419,8.479573836746031,10.243999429038773,2.304738473144064,51.13547651795362,53.02409114464333,1.7644255922927419,2.304738473144064,8.479573836746031,51.13547651795362,10.243999429038773,53.02409114464333,8.479573836746031,51.13547651795362,10.243999429038773,53.02409114464333,17.903994371644835,92.78030954707648,17.903994371644835,92.78030954707648,7.671833754271785,39.756218402433156,7.671833754271785,39.756218402433156,10.23216061737305,53.02409114464333,10.23216061737305,53.02409114464333,343.2201692570439,393.0331305388029,596.80185017839,0.2741529127680819,0.49088041857278664,0.5683677559871224,624.8860049829057,1645.2545344808545,3182.216327015587,0.09750241341743646,0.18931217906827258,0.27406889600117196,3182.2165712699007,3182.2165712699048,3182.2165712699007,0.0975024026186248,0.09750240261862494,0.0975024026186248
37,0.10202763786646003,1.768082813696457,8.079826478503046,9.847909292199503,3.003004883658493,49.07230858803284,50.94926642459994,1.768082813696457,3.003004883658493,8.079826478503046,49.07230858803284,9.847909292199503,50.94926642459994,8.079826478503046,49.07230858803284,9.847909292199503,50.94926642459994,17.903994371644835,92.78030954707648,17.903994371644835,92.78030954707648,8.072216661929122,41.831043122476544,8.072216661929122,41.831043122476544,9.831777709715713,50.94926642459994,9.831777709715713,50.94926642459994,362.85318916279624,415.45531833874145,582.910749808904,0.29011387341435374,0.43538421294207585,0.49580221716135986,595.1961134245131,1608.3520671133201,3150.931330413155,0.0995397083941561,0.1978287616263429,0.29007493366215215,3151.0017815534206,3151.0017815534193,3151.0017815534206,0.09953647745332495,0.09953647745332521,0.09953647745332495
38,0.10215678677515175,1.7640564927147986,7.670499228781868,9.434555721496666,2.2717202248396653,46.922385905489676,48.81114273682149,1.7640564927147986,2.2717202248396653,7.670499228781868,46.922385905489676,9.434555721496666,48.81114273682149,7.670499228781868,46.922385905489676,9.434555721496666,48.81114273682149,17.903994371644835,92.78030954707648,17.903994371644835,92.78030954707648,8.484814492856193,43.969166810255,8.484814492856193,43.969166810255,9.419179878788642,48.81114273682149,9.419179878788642,48.81114273682149,369.9043041702233,414.6602418802346,585.6421284989834,0.28679081280288055,0.42453001807163093,0.47338547273466786,600.938081800409,1618.3717517286898,3208.504564159723,0.09582058581084785,0.19546612692832074,0.28670187940335407,3208.5501696180495,3208.5501696180454,3208.5501696180495,0.09581854301106056,0.0958185430110607,0.09581854301106056
39,0.14180550174351025,1.8136160005658715,5.578931385600308,7.392547386166178,3.101237480857668,36.17009697495973,38.096789155049805,1.8136160005658715,3.101237480857668,5.578931385600308,36.17009697495973,7.392547386166178,38.096789155049805,5.578931385600308,36.17009697495973,7.392547386166178,38.096789155049805,17.903994371644835,92.78030954707648,17.903994371644835,92.78030954707648,10.552383863558918,54.68352039202668,10.552383863558918,54.68352039202668,7.351610508085918,38.096789155049805,7.351610508085918,38.096789155049805,361.4364624158278,409.03765138439434,536.3894877890481,0.35670496794908657,0.455056981268732,0.5005491667575364,515.2757630815826,1481.710772188517,3172.256217248438,0.0981457821653941,0.23270285330660356,0.3566987218029798,3172.3282638019073,3172.328263801908,3172.3282638019073,0.09814222434322964,0.09814222434322954,0.09814222434322964
40,0.12979465323518016,1.775559202517806,6.298886032871059,8.074445235388865,3.71294241485614,39.800096761551906,41.65819421543951,1.775559202517806,3.71294241485614,6.298886032871059,39.800096761551906,8.074445235388865,41.65819421543951,6.298886032871059,39.800096761551906,8.074445235388865,41.65819421543951,17.903994371644835,92.78030954707648,17.903994371644835,92.78030954707648,9.865132694990534,51.12211533163698,9.865132694990534,51.12211533163698,8.038861676654301,41.65819421543951,8.038861676654301,41.65819421543951,350.88130556699883,407.7229391499564,561.4436451942096,0.3179664462835887,0.4675435777746937,0.5389441591817343,554.5585048933848,1564.6833727279484,3178.8342859792374,0.09771795012786152,0.2107010156902628,0.3179587295411283,3178.9972749749822,3178.9972749749836,3178.9972749749822,0.09771025003530254,0.0977102500353025,0.09771025003530254
41,0.1438718842825778,1.7731791711760838,5.369306561302317,7.142485732478401,3.3601535191062535,34.91258877281888,36.78347126333542,1.7731791711760838,3.3601535191062535,5.369306561302317,34.91258877281888,7.142485732478401,36.78347126333542,5.369306561302317,34.91258877281888,7.142485732478401,36.78347126333542,17.903994371644835,92.78030954707648,17.903994371644835,92.78030954707648,10.80581733728002,55.99683828374106,10.80581733728002,55.99683828374106,7.098177034364815,36.78347126333542,7.098177034364815,36.78347126333542,351.239140560752,397.4478264717921,525.5192340361201,0.37621197268907947,0.4874969781536147,0.5375446085546146,500.7662791641355,1451.080238050467,3160.6790156012794,0.0989010427734226,0.24300572819581154,0.3762077499846966,3160.7006174346557,3160.700617434653,3160.7006174346557,0.09889995214747233,0.0988999521474725,0.09889995214747233
42,0.12294976107451892,1.7655797815658636,6.189752156752879,7.955331938318743,2.2410935221139328,39.198867680480404,41.089877923738214,1.7655797815658636,2.2410935221139328,6.189752156752879,39.198867680480404,7.955331938318743,41.089877923738214,6.189752156752879,39.198867680480404,7.955331938318743,41.089877923738214,17.903994371644835,92.78030954707648,17.903994371644835,92.78030954707648,9.974801780355799,51.69043162333827,9.974801780355799,51.69043162333827,7.929192591289038,41.089877923738214,7.929192591289038,41.089877923738214,340.0402102670466,383.48301790945374,552.3940416297418,0.33099919608892375,0.5159723794029036,0.581128609629644,539.6604480142832,1504.8200919282572,3150.1733888408885,0.09958638530356029,0.22145453272103693,0.33089248103713237,3150.4408859797254,3150.4408859797227,3150.4408859797254,0.09957341455221057,0.09957341455221065,0.09957341455221057
43,0.10047785096215937,1.7491043648247622,8.118376545231786,9.867480910056548,2.9377857089443125,49.198737365062975,51.05566828090392,1.7491043648247622,2.9377857089443125,8.118376545231786,49.198737365062975,9.867480910056548,51.05566828090392,8.118376545231786,49.198737365062975,9.867480910056548,51.05566828090392,17.903994371644835,92.78030954707648,17.903994371644835,92.78030954707648,8.051684091541086,41.72464126617256,8.051684091541086,41.72464126617256,9.852310280103747,51.05566828090392,9.852310280103747,51.05566828090392,339.70668175212893,394.38776729804533,582.4601169180937,0.29067252054623804,0.49830498704201365,0.5825098133279902,594.1038376710252,1614.3420179475395,3177.678239576144,0.09779547238895936,0.19728584343430045,0.2906658902985952,3177.6816609773286,3177.6816609773273,3177.6816609773286,0.09779531667015307,0.0977953166701529,0.09779531667015307
44,0.1407723104739765,1.8021228867404318,5.661289309626835,7.463412196367266,3.4187229456964223,36.555961947844,38.45828001343453,1.8021228867404318,3.4187229456964223,5.661289309626835,36.555961947844,7.463412196367266,38.45828001343453,5.661289309626835,36.555961947844,7.463412196367266,38.45828001343453,17.903994371644835,92.78030954707648,17.903994371644835,92.78030954707648,10.482626278943,54.32202953364195,10.482626278943,54.32202953364195,7.421368092701836,38.45828001343453,7.421368092701836,38.45828001343453,350.17015663659026,396.15643926373934,515.2716981985052,0.396483222112433,0.49505423130290677,0.5417484929503613,488.4319619044925,1436.9078107779742,3196.2437480291055,0.09660178757189442,0.25172944399322444,0.39646893991582427,3196.2493920581837,3196.2493920581783,3196.2493920581837,0.0966015025220288,0.0966015025220289,0.0966015025220288
45,0.1239829523440527,1.8009688712948426,6.411566300890614,8.212535172185456,2.839447211781463,40.492469914490876,42.411819579750805,1.8009688712948426,2.839447211781463,6.411566300890614,40.492469914490876,8.212535172185456,42.411819579750805,6.411566300890614,40.492469914490876,8.212535172185456,42.411819579750805,17.903994371644835,92.78030954707648,17.903994371644835,92.78030954707648,9.719704162289725,50.36848996732568,9.719704162289725,50.36848996732568,8.184290209355112,42.411819579750805,8.184290209355112,42.411819579750805,354.8068381033527,401.1871585541392,538.9104818393406,0.352447487136043,0.4727427522343232,0.5239920112944705,518.8441906444598,1483.5341761033528,3159.160687398676,0.09899834364417381,0.23109269602721316,0.3524444733947052,3159.3102102802586,3159.310210280258,3159.3102102802586,0.09899095110290743,0.09899095110290727,0.09899095110290743
46,0.11158465710964742,1.7669529736283993,7.0753714051571,8.842324378785499,3.1398601307232163,43.83091271302359,45.70235379536393,1.7669529736283993,3.1398601307232163,7.0753714051571,43.83091271302359,8.842324378785499,45.70235379536393,7.0753714051571,43.83091271302359,8.842324378785499,45.70235379536393,17.903994371644835,92.78030954707648,17.903994371644835,92.78030954707648,9.084723460418392,47.07795575171255,9.084723460418392,47.07795575171255,8.819270911226445,45.70235379536393,8.819270911226445,45.70235379536393,351.1897518304577,404.8348651960414,571.2305831647158,0.30474777762172517,0.46788364050729464,0.5377373219689201,572.235802631997,1593.3027741106118,3220.1359615919578,0.09508511495970431,0.2034741103870659,0.30473878055966097,3220.232424380203,3220.2324243802004,3220.232424380203,0.09508069857514603,0.0950806985751461,0.09508069857514603
47,0.09518274570579878,1.7472034569152965,9.077454105381818,10.824657562297116,3.490759790540376,54.187303437328765,56.02258366619125,1.7472034569152965,3.490759790540376,9.077454105381818,54.187303437328765,10.824657562297116,56.02258366619125,9.077454105381818,54.187303437328765,10.824657562297116,56.02258366619125,17.903994371644835,92.78030954707648,17.903994371644835,92.78030954707648,7.093208898509974,36.75772588088523,7.093208898509974,36.75772588088523,10.81078547313486,56.02258366619125,10.81078547313486,56.02258366619125,353.1534126274373,414.0594691949068,598.3923238141557,0.27245532554395463,0.4502140833625214,0.5301844034056206,628.1909929336979,1669.9174043477497,3185.180692383994,0.0973109533895794,0.18674375467692877,0.2724350566511973,3185.203548905522,3185.20354890552,3185.203548905522,0.09730994672388876,0.09730994672388889,0.09730994672388876
48,0.10590210512721167,1.7315672260476214,7.716343934151096,9.447911160198716,3.5647596345473866,47.039287248108145,48.852986532786815,1.7315672260476214,3.5647596345473866,7.716343934151096,47.039287248108145,9.447911160198716,48.852986532786815,7.716343934151096,47.039287248108145,9.447911160198716,48.852986532786815,17.903994371644835,92.78030954707648,17.903994371644835,92.78030954707648,8.476739815253707,43.92732301428967,8.476739815253707,43.92732301428967,9.427254556391128,48.852986532786815,9.427254556391128,48.852986532786815,342.042132970451,398.9037901073834,566.7462761118129,0.3106808269115307,0.49149807978276144,0.5730115888053012,563.9742035357998,1597.217822337672,3241.1948416878436,0.09376507688585387,0.204785287306347,0.3106670139565262,3241.5283125154524,3241.528312515451,3241.5283125154524,0.09374980819041767,0.09374980819041773,0.09374980819041767
49,0.12811571742218777,1.7870416478220044,6.250492022679632,8.037533670501636,3.231584043382905,39.593959939023726,41.4856356453902,1.7870416478220044,3.231584043382905,6.250492022679632,39.593959939023726,8.037533670501636,41.4856356453902,6.250492022679632,39.593959939023726,8.037533670501636,41.4856356453902,17.903994371644835,92.78030954707648,17.903994371644835,92.78030954707648,9.898431653379697,51.29467390168629,9.898431653379697,51.29467390168629,8.005562718265137,41.4856356453902,8.005562718265137,41.4856356453902,356.9684035866476,405.8047041467154,543.0050257271189,0.34570372084602574,0.4633647271475203,0.5161137382547776,524.8615303793144,1513.8569977789573,3209.111089813372,0.09578086916676526,0.22515142604114258,0.34569139448244796,3209.250297547548,3209.25029754755,3209.250297547548,0.0957741664834148,0.09577416648341476,0.0957741664834148
50,0.1331525248611649,1.81074770274112,5.966289122403866,7.777036825144984,3.1050740634556036,38.19402425268351,40.11728873279241,1.81074770274112,3.1050740634556036,5.966289122403866,38.19402425268351,7.777036825144984,40.11728873279241,5.966289122403866,38.19402425268351,7.777036825144984,40.11728873279241,17.903994371644835,92.78030954707648,17.903994371644835,92.78030954707648,10.16248418285717,52.663020814284074,10.16248418285717,52.663020814284074,7.7415101887876645,40.11728873279241,7.7415101887876645,40.11728873279241,367.0553860652508,413.82294107833536,539.3698495448832,0.35167966477424084,0.44108139013510683,0.482211051718071,519.5668995939849,1497.5658814187962,3201.533407187801,0.09626355761051975,0.2289866033073253,0.3516633767896429,3201.589315462399,3201.5893154623936,3201.589315462399,0.09626084197367316,0.09626084197367323,0.09626084197367316
51,0.09699083042748288,1.7396207710550446,8.878808853146424,10.618429624201468,3.6973907335605527,53.126752525097956,54.943415710562554,1.7396207710550446,3.6973907335605527,8.878808853146424,53.126752525097956,10.618429624201468,54.943415710562554,8.878808853146424,53.126752525097956,10.618429624201468,54.943415710562554,17.903994371644835,92.78030954707648,17.903994371644835,92.78030954707648,7.301458009748735,37.83689383651393,7.301458009748735,37.83689383651393,10.602536361896101,54.943415710562554,10.602536361896101,54.943415710562554,357.3053382606296,417.0880304565199,587.8461726234317,0.284300992264812,0.4418531224486874,0.5149069811069915,605.2082975283662,1650.9948168235314,3207.3059732754555,0.09589691885191698,0.19184001080179475,0.2842979461360958,3207.3344320873575,3207.3344320873553,3207.3344320873575,0.09589564841668344,0.09589564841668334,0.09589564841668344
52,0.12734082397003746,1.746819052890636,6.102766090799618,7.849585143690255,3.0551751089099484,38.66833913310058,40.51917385388889,1.746819052890636,3.0551751089099484,6.102766090799618,38.66833913310058,7.849585143690255,40.51917385388889,6.102766090799618,38.66833913310058,7.849585143690255,40.51917385388889,17.903994371644835,92.78030954707648,17.903994371644835,92.78030954707648,10.084931639852252,52.2611356931876,10.084931639852252,52.2611356931876,7.819062731792583,40.51917385388889,7.819062731792583,40.51917385388889,363.759638513276,402.46772848878777,518.9431847827094,0.38898266135198395,0.4624805001218399,0.49280981862357887,492.71194763249446,1433.0532018928568,3161.726300794348,0.09883261459662596,0.24971699755410348,0.38897251516496606,3161.744566582281,3161.744566582278,3161.744566582281,0.09883168329504234,0.09883168329504242,0.09883168329504234
53,0.13224848250032287,1.796631968386951,6.067174939442266,7.863806907829217,3.358665523117397,38.66821112501626,40.56641087210697,1.796631968386951,3.358665523117397,6.067174939442266,38.66821112501626,7.863806907829217,40.56641087210697,6.067174939442266,38.66821112501626,7.863806907829217,40.56641087210697,17.903994371644835,92.78030954707648,17.903994371644835,92.78030954707648,10.07581622180247,52.21389867496951,10.07581622180247,52.21389867496951,7.8281781498423655,40.56641087210697,7.8281781498423655,40.56641087210697,340.1892516374886,391.06937103881086,528.6009370627514,0.3704806654242385,0.5138922707642154,0.5805141342622566,504.759081643676,1474.6132195144053,3204.628687553819,0.09606672692757995,0.2379810785406896,0.3704650524297655,3204.6810455890163,3204.681045589019,3204.6810455890163,0.09606414435156091,0.09606414435156085,0.09606414435156091
54,0.11352189074002325,1.770718400450657,7.131523955461144,8.902242355911799,3.5286389059324463,44.139148368266035,46.000247245780834,1.770718400450657,3.5286389059324463,7.131523955461144,44.139148368266035,8.902242355911799,46.000247245780834,7.131523955461144,44.139148368266035,8.902242355911799,46.000247245780834,17.903994371644835,92.78030954707648,17.903994371644835,92.78030954707648,9.027238389656604,46.78006230129565,9.027238389656604,46.78006230129565,8.876755981988232,46.000247245780834,8.876755981988232,46.000247245780834,352.56426839722684,405.3355061030152,550.9483716955879,0.3332586232012927,0.4694608611261106,0.5324272643591901,537.0988390307735,1535.1412811547573,3173.336543677281,0.09807633698317142,0.2187343940352091,0.3332458013001213,3173.3638767269854,3173.3638767269854,3173.3638767269854,0.09807501964325771,0.09807501964325754,0.09807501964325771
55,0.12127082526152654,1.7419793229731244,6.545245399239486,8.287224722212612,3.5301369025300495,40.96414267574462,42.791562895571985,1.7419793229731244,3.5301369025300495,6.545245399239486,40.96414267574462,8.287224722212612,42.791562895571985,6.545245399239486,40.96414267574462,8.287224722212612,42.791562895571985,17.903994371644835,92.78030954707648,17.903994371644835,92.78030954707648,9.646424365937218,49.9887466515045,9.646424365937218,49.9887466515045,8.257570005707617,42.791562895571985,8.257570005707617,42.791562895571985,347.06308878213014,402.19275929522126,562.7808729111518,0.3160914590132502,0.4799460257734314,0.5538458687728298,556.9603543945542,1570.365406010468,3195.8282106485185,0.09662803487368163,0.2094344000829177,0.316065001915017,3195.8508929448535,3195.8508929448485,3195.8508929448535,0.09662697226577634,0.09662697226577616,0.09662697226577634
56,0.09337466098411469,1.7526877684692008,9.422010049534556,11.174697818003759,3.668936038963287,56.00383456549397,57.83725800962097,1.7526877684692008,3.668936038963287,9.422010049534556,56.00383456549397,11.174697818003759,57.83725800962097,9.422010049534556,56.00383456549397,11.174697818003759,57.83725800962097,17.903994371644835,92.78030954707648,17.903994371644835,92.78030954707648,6.743027708236529,34.94305153745552,6.743027708236529,34.94305153745552,11.160966663408306,57.83725800962097,11.160966663408306,57.83725800962097,368.29057800072013,428.67261105171906,599.2986570719121,0.2714776287125547,0.41268192336378623,0.4783476329410805,630.1316208830125,1680.983104536382,3206.5461378298482,0.09594487351592076,0.18536357943966789,0.2714716831675936,3206.5867358167293,3206.58673581673,3206.5867358167293,0.09594309949716932,0.09594309949716955,0.09594309949716932
57,0.10977657238796332,1.7724019255547239,7.348826372491748,9.121228298046471,3.3245044261623202,45.27949905542117,47.150836900389365,1.7724019255547239,3.3245044261623202,7.348826372491748,45.27949905542117,9.121228298046471,47.150836900389365,7.348826372491748,45.27949905542117,9.121228298046471,47.150836900389365,17.903994371644835,92.78030954707648,17.903994371644835,92.78030954707648,8.805206896112908,45.62947264668712,8.805206896112908,45.62947264668712,9.098787475531928,47.150836900389365,9.098787475531928,47.150836900389365,344.5698304541691,403.2486383425087,580.8027333584417,0.29268457501532513,0.4796473313025773,0.563161488292834,590.7488414609074,1628.0607744423648,3234.4089212126505,0.09419001227559648,0.19634423211224505,0.29268286705316854,3234.5635593863653,3234.56355938636,3234.5635593863653,0.09418308182387457,0.09418308182387475,0.09418308182387457
58,0.13044039777863878,1.7712365022207188,5.83105585606243,7.602292358283149,2.410830750015005,37.34057301080419,39.235079723838595,1.7712365022207188,2.410830750015005,5.83105585606243,37.34057301080419,7.602292358283149,39.235079723838595,5.83105585606243,37.34057301080419,7.602292358283149,39.235079723838595,17.903994371644835,92.78030954707648,17.903994371644835,92.78030954707648,10.332725748206865,53.54522982323789,10.332725748206865,53.54522982323789,7.57126862343797,39.235079723838595,7.57126862343797,39.235079723838595,341.6936132267826,381.9612191468198,524.155204724937,0.3787353238905926,0.5219099584026972,0.5744038963467573,499.1152793337122,1429.8820902436094,3150.51836530873,0.09956587106743336,0.2467867213408556,0.37869104707507084,3150.6805153483306,3150.6805153483297,3150.6805153483306,0.09955763235688317,0.09955763235688297,0.09955763235688317
59,0.10719359421412888,1.7646304528948107,7.3285820570852005,9.093212509980011,2.451380585170381,45.142746835044804,47.028914346621605,1.7646304528948107,2.451380585170381,7.3285820570852005,45.142746835044804,9.093212509980011,47.028914346621605,7.3285820570852005,45.142746835044804,9.093212509980011,47.028914346621605,17.903994371644835,92.78030954707648,17.903994371644835,92.78030954707648,8.828734525273566,45.75139520045488,8.828734525273566,45.75139520045488,9.07525984637127,47.028914346621605,9.07525984637127,47.028914346621605,351.8622757795917,396.8024170016603,560.6360183318565,0.31907525957880467,0.4768841729511343,0.5351255033978422,553.254295405619,1547.0199091364104,3187.80860334739,0.09713780744650849,0.21287253547958523,0.3190383232209585,3188.077475967329,3188.0774759673295,3188.077475967329,0.09712513003392698,0.09712513003392688,0.09712513003392698
60,0.10228593568384348,1.7598656660224592,8.113154694398427,9.873020360420885,3.4118359823743183,49.21636614550705,51.06969921982471,1.7598656660224592,3.4118359823743183,8.113154694398427,49.21636614550705,9.873020360420885,51.06969921982471,8.113154694398427,49.21636614550705,9.873020360420885,51.06969921982471,17.903994371644835,92.78030954707648,17.903994371644835,92.78030954707648,8.048976514333239,41.71061032725177,8.048976514333239,41.71061032725177,9.855017857311598,51.06969921982471,9.855017857311598,51.06969921982471,354.78009101480797,411.15868572085645,577.5344428126729,0.29669786784059404,0.4538049941959264,0.5240910128016097,584.3369557092014,1632.3725798995902,3264.3837281954416,0.09234076027298072,0.19704834152721254,0.296677483689373,3264.4187503174785,3264.4187503174767,3264.4187503174785,0.09233919746201952,0.09233919746201932,0.09233919746201952
61,0.11972103835722588,1.743883877212406,6.530850961807457,8.274734839019862,3.3070073022372015,40.89712117832494,42.735950625597276,1.743883877212406,3.3070073022372015,6.530850961807457,40.89712117832494,8.274734839019862,42.735950625597276,6.530850961807457,40.89712117832494,8.274734839019862,42.735950625597276,17.903994371644835,92.78030954707648,17.903994371644835,92.78030954707648,9.657155972389948,50.04435892147921,9.657155972389948,50.04435892147921,8.246838399254887,42.735950625597276,8.246838399254887,42.735950625597276,348.8743019917449,402.8340841120637,568.9635740351861,0.30772654656245235,0.47475331800903126,0.5469391149004017,568.0091654944569,1579.360152518407,3185.8194641485247,0.09726981617800107,0.20593809969582788,0.30772004888303306,3185.8471141171995,3185.8471141171976,3185.8471141171995,0.09726853006787217,0.09726853006787199,0.09726853006787217
62,0.10874338111842954,1.7786215679571025,7.326195217013376,9.10481678497048,2.9113736811904465,45.184540921918604,47.07624862360768,1.7786215679571025,2.9113736811904465,7.326195217013376,45.184540921918604,9.10481678497048,47.07624862360768,7.326195217013376,45.184540921918604,9.10481678497048,47.07624862360768,17.903994371644835,92.78030954707648,17.903994371644835,92.78030954707648,8.819600339012688,45.7040609234688,8.819600339012688,45.7040609234688,9.084394032632146,47.07624862360768,9.084394032632146,47.07624862360768,352.6594355241904,402.81732296981966,562.7092228314423,0.31616187527530715,0.4689608060943357,0.5320636399705596,556.8600928924535,1571.979633365754,3237.880878316984,0.09397182011367708,0.20915618817064974,0.3161176189075455,3238.1704975773914,3238.1704975773987,3238.1704975773914,0.09395845633490313,0.093958456334903,0.09395845633490313
63,0.11649231563993284,1.767215974739712,6.674111027816403,8.441327002556115,3.0107332847914647,41.736342872937136,43.612074357948345,1.767215974739712,3.0107332847914647,6.674111027816403,41.736342872937136,8.441327002556115,43.612074357948345,6.674111027816403,41.736342872937136,8.441327002556115,43.612074357948345,17.903994371644835,92.78030954707648,17.903994371644835,92.78030954707648,9.488088694543466,49.16823518912814,9.488088694543466,49.16823518912814,8.41590567710137,43.612074357948345,8.41590567710137,43.612074357948345,348.4628223055887,397.45545338836223,551.3166071241217,0.33268263713731105,0.48516029732838756,0.5486097125242418,537.8279570361466,1534.434810394722,3222.578712075855,0.09493306275856175,0.2184587954793159,0.33263341947296005,3222.586013330408,3222.586013330402,3222.586013330408,0.09493271761411184,0.094932717614112,0.09493271761411184
64,0.14283869301304403,1.7200857576051884,5.380029248796545,7.100115006401734,3.6615945365478555,34.76449724007221,36.560074383317115,1.7200857576051884,3.6615945365478555,5.380029248796545,34.76449724007221,7.100115006401734,36.560074383317115,5.380029248796545,34.76449724007221,7.100115006401734,36.560074383317115,17.903994371644835,92.78030954707648,17.903994371644835,92.78030954707648,10.848926661898746,56.22023516375937,10.848926661898746,56.22023516375937,7.055067709746089,36.560074383317115,7.055067709746089,36.560074383317115,349.7678075460504,395.77925550368604,520.8513237228481,0.3851867778802459,0.49377246026532556,0.5433488442485691,495.10996160234436,1447.8342187159255,3159.7016678680097,0.09896528695418438,0.2463157729238403,0.3851460796926543,3159.704112397961,3159.704112397967,3159.704112397961,0.09896516257730917,0.09896516257730942,0.09896516257730917
65,0.12914890869172155,1.7435218700199175,6.0139908615373505,7.757512731557268,3.0932692778142057,38.19025912776178,40.03609940833686,1.7435218700199175,3.0932692778142057,6.0139908615373505,38.19025912776178,7.757512731557268,40.03609940833686,6.0139908615373505,38.19025912776178,7.757512731557268,40.03609940833686,17.903994371644835,92.78030954707648,17.903994371644835,92.78030954707648,10.178151442593485,52.744210138739625,10.178151442593485,52.744210138739625,7.725842929051349,40.03609940833686,7.725842929051349,40.03609940833686,344.5937390763504,394.2049985547858,551.4681224496965,0.3324774337338161,0.49545494180552946,0.5630703266808048,537.9023472894294,1521.0612720781874,3174.9881735997146,0.09796927172245695,0.21998285735970988,0.33247188001581146,3175.0141830856132,3175.014183085609,3175.0141830856132,0.0979680200393928,0.09796802003939276,0.0979680200393928
66,0.13031124886994705,1.7940473230267477,6.034141020711308,7.828188343738057,2.894137092455842,38.488738407307586,40.39867852274653,1.7940473230267477,2.894137092455842,6.034141020711308,38.488738407307586,7.828188343738057,40.39867852274653,6.034141020711308,38.488738407307586,7.828188343738057,40.39867852274653,17.903994371644835,92.78030954707648,17.903994371644835,92.78030954707648,10.108183855124153,52.381631024329955,10.108183855124153,52.381631024329955,7.795810516520681,40.39867852274653,7.795810516520681,40.39867852274653,355.0391931693755,396.86480687824763,519.4463139734336,0.3879784349687603,0.4828933298082417,0.5231335634403338,493.3094554314733,1433.3579704160693,3174.3804853611855,0.09800884558229978,0.2494546501396807,0.3879682355816501,3174.3979460473092,3174.397946047306,3174.3979460473092,0.09800796089496008,0.09800796089496022,0.09800796089496008
67,0.10215678677515175,1.771232640342412,8.1181265651499,9.889359205492314,3.0949175250392638,49.28446767160121,51.162297316682995,1.771232640342412,3.0949175250392638,8.1181265651499,49.28446767160121,9.889359205492314,51.162297316682995,8.1181265651499,49.28446767160121,9.889359205492314,51.162297316682995,17.903994371644835,92.78030954707648,17.903994371644835,92.78030954707648,8.031107681893804,41.61801223039349,8.031107681893804,41.61801223039349,9.87288668975103,51.162297316682995,9.87288668975103,51.162297316682995,350.69348038216964,404.7912568847507,574.1316280566847,0.3009886213550299,0.4683061582174694,0.539681844855632,577.7633230858482,1604.8413542231237,3216.534225348298,0.09531324601687799,0.2012112060792038,0.30096369739933165,3216.55873997508,3216.5587399750775,3216.55873997508,0.09531212790309013,0.09531212790309009,0.09531212790309013
68,0.11171380601833915,1.7673746476180145,7.163003755268343,8.930378402886356,3.2758112192301536,44.29025604099854,46.157515276652916,1.7673746476180145,3.2758112192301536,7.163003755268343,44.29025604099854,8.930378402886356,46.157515276652916,7.163003755268343,44.29025604099854,8.930378402886356,46.157515276652916,17.903994371644835,92.78030954707648,17.903994371644835,92.78030954707648,8.99689007595385,46.62279427042357,8.99689007595385,46.62279427042357,8.907104295690985,46.157515276652916,8.907104295690985,46.157515276652916,352.71405246442373,403.0565400451387,549.8358276790627,0.3349419030533405,0.47169833852523885,0.5318551855764192,535.3621378599457,1528.85913770415,3179.1457916833942,0.09770011291458516,0.21996122247828445,0.3349184255972201,3179.178548959749,3179.178548959746,3179.178548959749,0.09769853475993165,0.0976985347599317,0.09769853475993165
69,0.11494252873563218,1.7259014068110454,6.923644652304767,8.649546059115812,3.576680101323684,42.88032028246118,44.68683410339206,1.7259014068110454,3.576680101323684,6.923644652304767,42.88032028246118,8.649546059115812,44.68683410339206,6.923644652304767,42.88032028246118,8.649546059115812,44.68683410339206,17.903994371644835,92.78030954707648,17.903994371644835,92.78030954707648,9.280690244083123,48.093475443684426,9.280690244083123,48.093475443684426,8.623304127561711,44.68683410339206,8.623304127561711,44.68683410339206,346.2801278467705,404.35985344582303,578.1893506533387,0.2958890827152802,0.4758460366104175,0.5567305171783907,585.608891017091,1614.02922037762,3199.025625233105,0.09642332411238805,0.19876696845383018,0.2958729466303106,3199.0761203960183,3199.0761203960237,3199.0761203960183,0.09642102399544354,0.09642102399544342,0.09642102399544354
70,0.14167635283481855,1.8189678243725027,5.696551770258334,7.515519594630837,3.6662952001066476,36.800674879486905,38.712034267474635,1.8189678243725027,3.6662952001066476,5.696551770258334,36.800674879486905,7.515519594630837,38.712034267474635,5.696551770258334,36.800674879486905,7.515519594630837,38.712034267474635,17.903994371644835,92.78030954707648,17.903994371644835,92.78030954707648,10.433658833605799,54.06827527960185,10.433658833605799,54.06827527960185,7.470335538039036,38.712034267474635,7.470335538039036,38.712034267474635,356.3189185043177,411.5340725289867,548.9191585861284,0.3363677178521446,0.4575527225893736,0.5184558673712019,533.8651717370997,1531.0503788598157,3184.5616746595642,0.09734981931420958,0.22017982925778526,0.33636248295520477,3184.6511064840897,3184.6511064840956,3184.6511064840897,0.09734551310128928,0.09734551310128944,0.09734551310128928
71,0.14296784192173576,1.7671395605661462,5.451534277752381,7.2186738383185265,3.4963541231938637,35.32067812216594,37.17897552376391,1.7671395605661462,3.4963541231938637,5.451534277752381,35.32067812216594,7.2186738383185265,37.17897552376391,5.451534277752381,35.32067812216594,7.2186738383185265,37.17897552376391,17.903994371644835,92.78030954707648,17.903994371644835,92.78030954707648,10.72949612120259,55.601334023312575,10.72949612120259,55.601334023312575,7.174498250442245,37.17897552376391,7.174498250442245,37.17897552376391,350.3971131773439,394.3879945214159,513.127520548093,0.4009899078207466,0.4970342055130777,0.5408501716704459,485.9633740808802,1431.2340813635196,3199.5552061634407,0.09639031894670613,0.25404954587154205,0.400984369138778,3199.56656397159,3199.5665639715903,3199.56656397159,0.09638974433936906,0.09638974433936907,0.09638974433936906
72,0.09931551078393387,1.7495065317428606,8.346532517928708,10.096039049671568,3.251450203305472,50.39005920242651,52.23746464977824,1.7495065317428606,3.251450203305472,8.346532517928708,50.39005920242651,10.096039049671568,52.23746464977824,8.346532517928708,50.39005920242651,10.096039049671568,52.23746464977824,17.903994371644835,92.78030954707648,17.903994371644835,92.78030954707648,7.8236305784622155,40.542844897298245,7.8236305784622155,40.542844897298245,10.080363793182618,52.23746464977824,10.080363793182618,52.23746464977824,345.88837560891847,401.39308740821787,576.3942323764093,0.2981406386468592,0.48011931436205757,0.558187638107779,582.0734687751734,1620.6351235068262,3245.613385226342,0.09349598272073334,0.19863724492837637,0.29813484433221255,3245.64803705021,3245.64803705021,3245.64803705021,0.09349442364511135,0.09349442364511149,0.09349442364511135
73,0.11532997546170735,1.7604770245239163,7.067965838490779,8.828442863014697,3.6705210082927406,43.76798036740615,45.6104692223475,1.7604770245239163,3.6705210082927406,7.067965838490779,43.76798036740615,8.828442863014697,45.6104692223475,7.067965838490779,43.76798036740615,8.828442863014697,45.6104692223475,17.903994371644835,92.78030954707648,17.903994371644835,92.78030954707648,9.102454602792866,47.16984032472899,9.102454602792866,47.16984032472899,8.801539768851967,45.6104692223475,8.801539768851967,45.6104692223475,355.9808437451945,406.11846867225114,539.9830439914634,0.3506612916215561,0.4657384426607447,0.5196834285288363,520.3865214196783,1514.2367653830354,3200.570200521061,0.09632352324307819,0.22656500662438422,0.3506593759785437,3200.717887269798,3200.717887269798,3200.717887269798,0.09631635405946651,0.09631635405946658,0.09631635405946651
74,0.12359550561797752,1.755243007893969,6.458168845463153,8.213411853357123,3.4343130106784656,40.559598815305904,42.40664426067573,1.755243007893969,3.4343130106784656,6.458168845463153,40.559598815305904,8.213411853357123,42.40664426067573,6.458168845463153,40.559598815305904,8.213411853357123,42.40664426067573,17.903994371644835,92.78030954707648,17.903994371644835,92.78030954707648,9.720702853542683,50.37366528640075,9.720702853542683,50.37366528640075,8.183291518102152,42.40664426067573,8.183291518102152,42.40664426067573,340.97722824083957,396.8369958059617,562.0905477901108,0.31706211183147,0.49682877459660985,0.5772929996345755,555.67992640344,1568.0476241018694,3206.4184234859713,0.09595321979863011,0.20993802959377905,0.3170540293789684,3206.4521039033116,3206.452103903306,3206.4521039033116,0.09595164608845005,0.0959516460884499,0.09595164608845005
75,0.12307890998321064,1.7698126439387567,6.520396267139923,8.29020891107868,3.319985730430828,40.94151783497676,42.81001394808451,1.7698126439387567,3.319985730430828,6.520396267139923,40.94151783497676,8.29020891107868,42.81001394808451,6.520396267139923,40.94151783497676,8.29020891107868,42.81001394808451,17.903994371644835,92.78030954707648,17.903994371644835,92.78030954707648,9.642863830927713,49.970295598991974,9.642863830927713,49.970295598991974,8.261130540717122,42.81001394808451,8.261130540717122,42.81001394808451,352.62331519064094,403.50295815295607,549.9120281747007,0.3348278634953815,0.4714174417225495,0.5322015918191062,535.4810622981475,1540.0040902573594,3230.973964773684,0.09440557667763635,0.21855310343755324,0.33480564751524416,3231.0764381720965,3231.076438172097,3231.0764381720965,0.09440073731741201,0.09440073731741204,0.09440073731741201
76,0.11403848637479014,1.745464527885011,6.9946461811749225,8.740110709059934,3.5303260547137616,43.32683200793434,45.15834480283977,1.745464527885011,3.5303260547137616,6.9946461811749225,43.32683200793434,8.740110709059934,45.15834480283977,6.9946461811749225,43.32683200793434,8.740110709059934,45.15834480283977,17.903994371644835,92.78030954707648,17.903994371644835,92.78030954707648,9.189701919617589,47.62196474423671,9.189701919617589,47.62196474423671,8.714292452027244,45.15834480283977,8.714292452027244,45.15834480283977,358.34791331541294,412.5925749910117,567.7987241122585,0.30925390009323656,0.44832396488223486,0.5112080365005439,565.9312686152554,1593.468911434151,3230.1161154552806,0.0944602695332713,0.2047721468729434,0.30922792774189145,3230.1457736385833,3230.145773638582,3230.1457736385833,0.0944589085475585,0.09445890854755846,0.0944589085475585
77,0.1180421025442335,1.76815879006116,6.659669038818815,8.427827828879975,3.1826188900813714,41.66411599743533,43.53554864321795,1.76815879006116,3.1826188900813714,6.659669038818815,41.66411599743533,8.427827828879975,43.53554864321795,6.659669038818815,41.66411599743533,8.427827828879975,43.53554864321795,17.903994371644835,92.78030954707648,17.903994371644835,92.78030954707648,9.50285600856201,49.244760903858534,9.50285600856201,49.244760903858534,8.401138363082827,43.53554864321795,8.401138363082827,43.53554864321795,352.84500284445625,403.49968768451345,554.2439308352243,0.3283288321123773,0.4699098670445164,0.5313560782797133,542.3982044494317,1549.253202118333,3234.0802016728135,0.09421305913952227,0.21541345174454815,0.3283241456129826,3234.0907390531434,3234.090739053149,3234.0907390531434,0.09421256545529716,0.0942125654552973,0.09421256545529716
78,0.10564380730982824,1.7500249460293402,7.621132123120468,9.371157069149808,3.109451387220892,46.612233626752065,48.46505512375773,1.7500249460293402,3.109451387220892,7.621132123120468,46.612233626752065,9.371157069149808,48.46505512375773,7.621132123120468,46.612233626752065,9.371157069149808,48.46505512375773,17.903994371644835,92.78030954707648,17.903994371644835,92.78030954707648,8.55159968366487,44.315254423318756,8.55159968366487,44.315254423318756,9.352394687979967,48.46505512375773,9.352394687979967,48.46505512375773,345.97439419279704,397.17175703662696,559.6563500896807,0.32048978360536295,0.4879015338431437,0.5578668943691281,551.4538130730599,1559.1806921225477,3203.277994313372,0.09615193142701978,0.2119343857345711,0.32048793619824023,3203.36373027681,3203.363730276814,3203.36373027681,0.09614790447126564,0.09614790447126591,0.09614790447126564
79,0.11972103835722588,1.741544098905847,6.496401592481444,8.23794569138729,3.2232010094436885,40.708187618618226,42.547373260757446,1.741544098905847,3.2232010094436885,6.496401592481444,40.708187618618226,8.23794569138729,42.547373260757446,6.496401592481444,40.708187618618226,8.23794569138729,42.547373260757446,17.903994371644835,92.78030954707648,17.903994371644835,92.78030954707648,9.693546108348686,50.23293628631904,9.693546108348686,50.23293628631904,8.210448263296149,42.547373260757446,8.210448263296149,42.547373260757446,355.8334025211926,404.85953548967325,554.0690254941355,0.32856392334591356,0.46313896821126926,0.5202206179427463,542.1542753380523,1545.2966220858216,3215.1893891412665,0.09539782766686808,0.2159879884351126,0.32854166794990247,3215.2336189328616,3215.2336189328566,3215.2336189328616,0.09539574029676978,0.09539574029676962,0.09539574029676978
80,0.09156657626243059,1.7708003397713692,9.080816043705726,10.851616383477094,2.752200472515884,54.28974504305814,56.17648751294507,1.7708003397713692,2.752200472515884,9.080816043705726,54.28974504305814,10.851616383477094,56.17648751294507,9.080816043705726,54.28974504305814,10.851616383477094,56.17648751294507,17.903994371644835,92.78030954707648,17.903994371644835,92.78030954707648,7.063509777872133,36.60382203413141,7.063509777872133,36.60382203413141,10.840484593772702,56.17648751294507,10.840484593772702,56.17648751294507,340.0691575997845,396.00090870122796,598.3463086940826,0.27250528317188094,0.4934395504977476,0.5810091326566508,628.0787921310408,1671.2087449763642,3228.3837729235925,0.09456870723661637,0.1863749729309029,0.2724847950412037,3228.4062986841614,3228.406298684167,3228.4062986841614,0.09456772734861194,0.09456772734861188,0.09456772734861194
81,0.11675061345731629,1.7424819100034457,6.688717601376748,8.431199511380193,3.3165717131205383,41.717048732365456,43.5538964715298,1.7424819100034457,3.3165717131205383,6.688717601376748,41.717048732365456,8.431199511380193,43.5538964715298,6.688717601376748,41.717048732365456,8.431199511380193,43.5538964715298,17.903994371644835,92.78030954707648,17.903994371644835,92.78030954707648,9.499315392924585,49.22641307554669,9.499315392924585,49.22641307554669,8.404678978720248,43.5538964715298,8.404678978720248,43.5538964715298,344.76731049671156,398.5699396507159,563.8961397049032,0.31456558011049107,0.48758137939328683,0.5624096044967007,558.8439625637758,1574.1591757404635,3218.867475102037,0.09516536804547271,0.20843797214637566,0.31456121830465694,3218.942999569172,3218.9429995691744,3218.942999569172,0.0951618655721268,0.0951618655721269,0.0951618655721268
82,0.1102931680227302,1.7548102374345724,7.281974814413855,9.036785051848428,3.381033187250225,44.86292865352107,46.71160618162403,1.7548102374345724,3.381033187250225,7.281974814413855,44.86292865352107,9.036785051848428,46.71160618162403,7.281974814413855,44.86292865352107,9.036785051848428,46.71160618162403,17.903994371644835,92.78030954707648,17.903994371644835,92.78030954707648,8.889966090763341,46.06870336545246,8.889966090763341,46.06870336545246,9.014028280881494,46.71160618162403,9.014028280881494,46.71160618162403,354.5728306482916,406.8462851126121,559.619126839198,0.32052443668913055,0.4621713047936042,0.5248594518200582,551.4424813182194,1578.1139072359297,3259.186494390582,0.09265760110494112,0.20980955617846667,0.32050504029324856,3259.3322118664805,3259.332211866487,3259.3322118664805,0.09265089506158593,0.09265089506158593,0.09265089506158593
83,0.10925997675319643,1.755577244153043,7.230458336402796,8.986035580555837,2.9904925329354675,44.596063050697474,46.45894266147809,1.755577244153043,2.9904925329354675,7.230458336402796,44.596063050697474,8.986035580555837,46.45894266147809,7.230458336402796,44.596063050697474,8.986035580555837,46.45894266147809,17.903994371644835,92.78030954707648,17.903994371644835,92.78030954707648,8.938723055087948,46.321366885598394,8.938723055087948,46.321366885598394,8.965271316556887,46.45894266147809,8.965271316556887,46.45894266147809,348.37922285103787,396.79806507676136,551.6048338091347,0.33226470347349557,0.4859187351074529,0.5489504720107419,538.1858036109734,1527.9896977386875,3176.078863727443,0.09789894389603154,0.219213645766308,0.33224403202575425,3176.0853461213205,3176.085346121323,3176.0853461213205,0.09789863213920041,0.09789863213920037,0.09789863213920041
84,0.1287614619656464,1.7359935886719051,6.214925259787503,7.950918848459408,3.5773638283389526,39.21066567312714,41.028972576112515,1.7359935886719051,3.5773638283389526,6.214925259787503,39.21066567312714,7.950918848459408,41.028972576112515,6.214925259787503,39.21066567312714,7.950918848459408,41.028972576112515,17.903994371644835,92.78030954707648,17.903994371644835,92.78030954707648,9.986554802159851,51.75133697096397,9.986554802159851,51.75133697096397,7.9174395694849835,41.028972576112515,7.9174395694849835,41.028972576112515,342.96104129809044,400.0251812566003,567.4753244442229,0.309707542149742,0.48843327524908475,0.5693811194154389,565.3242912089012,1574.4773726598046,3169.940813843401,0.09829656488208838,0.2070811776576718,0.30969332443927317,3169.983024829301,3169.9830248293006,3169.983024829301,0.09829458536924159,0.09829458536924156,0.09829458536924159
